"","x","y","AA","Date","Site","Sequencing","Platform","Species","Batch","BarcodeSequence","LinkerPrimerSequence","ReversePrimer","Group","ID"
"KO1",0.0129862784001717,0.00456443895303772,"KO","2017/6/30","Beijing","BGI","HiSeq2500","Arabidopsis",1,"ACGCTCGACA","AACMGGATTAGATACCCKG","ACGTCATCCCCACCTTCC","KO","KO1"
"KO2",0.00224016920493713,0.0240773446326869,"KO","2017/6/30","Beijing","BGI","HiSeq2500","Arabidopsis",1,"ATCAGACACG","AACMGGATTAGATACCCKG","ACGTCATCCCCACCTTCC","KO","KO2"
"KO3",-0.0573835768519688,0.106250876060263,"KO","2017/7/2","Sanya","BGI","HiSeq2500","Arabidopsis",1,"ATATCGCGAG","AACMGGATTAGATACCCKG","ACGTCATCCCCACCTTCC","KO","KO3"
"KO4",-0.0519922492481821,0.0107913123088864,"KO","2017/7/2","Sanya","BGI","HiSeq2500","Arabidopsis",1,"CACGAGACAG","AACMGGATTAGATACCCKG","ACGTCATCCCCACCTTCC","KO","KO4"
"KO5",-0.124527039608835,-0.0530778981924886,"KO","2017/7/4","Harbin","BGI","HiSeq2500","Arabidopsis",1,"CTCGCGTGTC","AACMGGATTAGATACCCKG","ACGTCATCCCCACCTTCC","KO","KO5"
"KO6",-0.0266751548007362,0.00870231226864286,"KO","2017/7/5","Harbin","BGI","HiSeq2500","Arabidopsis",1,"TAGTATCAGC","AACMGGATTAGATACCCKG","ACGTCATCCCCACCTTCC","KO","KO6"
"OE1",0.0428536901700839,0.000887478309545042,"OE","2017/6/30","Beijing","BGI","HiSeq2500","Arabidopsis",1,"TCTCTATGCG","AACMGGATTAGATACCCKG","ACGTCATCCCCACCTTCC","OE","OE1"
"OE2",0.0357622643760833,-0.00345463208978716,"OE","2017/6/30","Beijing","BGI","HiSeq2500","Arabidopsis",1,"TACTGAGCTA","AACMGGATTAGATACCCKG","ACGTCATCCCCACCTTCC","OE","OE2"
"OE3",0.028192467857842,-0.0115921600859329,"OE","2017/7/2","Sanya","BGI","HiSeq2500","Arabidopsis",1,"CATAGTAGTG","AACMGGATTAGATACCCKG","ACGTCATCCCCACCTTCC","OE","OE3"
"OE4",0.030524734392855,0.0159802771343688,"OE","2017/7/2","Sanya","BGI","HiSeq2500","Arabidopsis",1,"CGAGAGATAC","AACMGGATTAGATACCCKG","ACGTCATCCCCACCTTCC","OE","OE4"
"OE5",0.00754973901872216,-0.0120794017023499,"OE","2017/7/4","Harbin","BGI","HiSeq2500","Arabidopsis",1,"ATACGACGTA","AACMGGATTAGATACCCKG","ACGTCATCCCCACCTTCC","OE","OE5"
"OE6",0.0314660004774828,0.0145475287952439,"OE","2017/7/5","Harbin","BGI","HiSeq2500","Arabidopsis",1,"TCACGTACTA","AACMGGATTAGATACCCKG","ACGTCATCCCCACCTTCC","OE","OE6"
"WT1",0.0246869945188906,-0.0208486709096927,"WT","2017/6/30","Beijing","BGI","HiSeq2500","Arabidopsis",1,"CGTCTAGTAC","AACMGGATTAGATACCCKG","ACGTCATCCCCACCTTCC","WT","WT1"
"WT2",-0.00595945186300403,-0.0225019737214617,"WT","2017/6/30","Beijing","BGI","HiSeq2500","Arabidopsis",1,"TCTACGTAGC","AACMGGATTAGATACCCKG","ACGTCATCCCCACCTTCC","WT","WT2"
"WT3",0.0231939714131433,-0.0122176371702937,"WT","2017/7/2","Sanya","BGI","HiSeq2500","Arabidopsis",1,"CACGCGAGTC","AACMGGATTAGATACCCKG","ACGTCATCCCCACCTTCC","WT","WT3"
"WT4",0.0231642835025604,0.00804688883592942,"WT","2017/7/2","Sanya","BGI","HiSeq2500","Arabidopsis",1,"ACGACTACAG","AACMGGATTAGATACCCKG","ACGTCATCCCCACCTTCC","WT","WT4"
"WT5",-0.00272028194373832,-0.0628817026110094,"WT","2017/7/4","Harbin","BGI","HiSeq2500","Arabidopsis",1,"CGTAGACTAG","AACMGGATTAGATACCCKG","ACGTCATCCCCACCTTCC","WT","WT5"
"WT6",0.00663716098369189,0.00480561918441195,"WT","2017/7/5","Harbin","BGI","HiSeq2500","Arabidopsis",1,"TACGAGTATG","AACMGGATTAGATACCCKG","ACGTCATCCCCACCTTCC","WT","WT6"
